{"cameraMode":{"drawMode":0,"name":"Shaded","section":"Shading Mode"},"sceneLighting":true,"audioPlay":false,"sceneViewState":{"m_AlwaysRefresh":false,"showFog":true,"showSkybox":true,"showFlares":true,"showImageEffects":true,"showParticleSystems":true,"showVisualEffectGraphs":true,"m_FxEnabled":true},"in2DMode":false,"pivot":{"x":-0.46038150787353518,"y":-2.5291004180908205,"z":-6.991751670837402},"rotation":{"x":-0.056481871753931048,"y":0.9343011975288391,"z":-0.17176182568073274,"w":-0.3072332441806793},"size":10.63608455657959,"orthographic":false}